KEPT_IN,POLYMER_PSMILES,DRUG_SMILES,WINNER_MODEL,WINNER_PAPER,DROPPED_MODEL,DROPPED_PAPER,ROWS_DROPPED
(best model),[*]OC1OC(CO)C(O[*])C(O)C1O,CN(C)c1ccc2nc3ccc(=[N+](C)C)cc-3sc2c1.[Cl-],opus,10.4236/msce.2024.122001,opus,10.1021/acsomega.3c03130,11
(best model),*c1cc[nH]c1*,[Cr+6],deepseek,A_comprehensive_review_on_synthesis_and_application_of_nanocomposites_for_adsorption_of_chromium_status_and_future_prospective,deepseek,The_removal_of_heavy_metal_ions_from_wastewateraqueous_solution_using_polypyrrole-based_adsorbents_a_review,1
(best model),*c1cc[nH]c1*,[Cr+6],deepseek,A_comprehensive_review_on_synthesis_and_application_of_nanocomposites_for_adsorption_of_chromium_status_and_future_prospective,kimi,The_removal_of_heavy_metal_ions_from_wastewateraqueous_solution_using_polypyrrole-based_adsorbents_a_review,1
(best model),*C(C(C(C(C(CO)O)O)O)O)*,CN(C)c1ccc2c(c1)sc3cc(ccc3n2)N(C)C,deepseek,Bacterial_Cellulose_Aerogels_Derived_from_Pineapple_Peel_Waste_for_the_Adsorption_of_Dyes,deepseek,A_novel_composite_of_chitosan_and_Bacillus_subtilis_exopolysaccharide_for_the_removal_of_methylene_blue_from_aqueous_solutions,2
(best model),*C(C(C(C(C(CO)O)O)O)O)*,CN(C)c1ccc2c(c1)sc3cc(ccc3n2)N(C)C,deepseek,Bacterial_Cellulose_Aerogels_Derived_from_Pineapple_Peel_Waste_for_the_Adsorption_of_Dyes,deepseek,Using_chitosan_made_from_modified_chitosan_Crab_shells_for_dye_adsorption_equilibrium_kinetic_and_response_surface_methods,3
(best model),*C(C(C(C(C(CO)O)O)O)O)*,CN(C)c1ccc2c(c1)sc3cc(ccc3n2)N(C)C,deepseek,Bacterial_Cellulose_Aerogels_Derived_from_Pineapple_Peel_Waste_for_the_Adsorption_of_Dyes,kimi,Using_chitosan_made_from_modified_chitosan_Crab_shells_for_dye_adsorption_equilibrium_kinetic_and_response_surface_methods,3
(best model),*C(C(C(C(C(CO)O)O)O)O)*,CN(C)c1ccc2c(c1)sc3cc(ccc3n2)N(C)C,deepseek,Bacterial_Cellulose_Aerogels_Derived_from_Pineapple_Peel_Waste_for_the_Adsorption_of_Dyes,gemma,Bacterial_Cellulose_Aerogels_Derived_from_Pineapple_Peel_Waste_for_the_Adsorption_of_Dyes,2
(best model),*C(C(C(C(C(CO)O)O)O)O)*,CN(C)c1ccc2c(c1)sc3cc(ccc3n2)N(C)C,deepseek,Bacterial_Cellulose_Aerogels_Derived_from_Pineapple_Peel_Waste_for_the_Adsorption_of_Dyes,gemma,Using_chitosan_made_from_modified_chitosan_Crab_shells_for_dye_adsorption_equilibrium_kinetic_and_response_surface_methods,1
(best model),*C(C(C(C(C(CO)O)O)O)O)*,C(Cl)(Cl)Cl,deepseek,Adsorption_Application_for_Removal_of_Hazardous_Chloroform_from_Aqueous_Solution_by_Nanocomposites_RectoriteChitosan_Adsorbent,kimi,Adsorption_Application_for_Removal_of_Hazardous_Chloroform_from_Aqueous_Solution_by_Nanocomposites_RectoriteChitosan_Adsorbent,1
(best model),*C(C(C(C(CO)O)O)O)*,CN1CC(=O)N=C1N,deepseek,Adsorption_Kinetics_and_Thermodynamics_of_Cellulose_Dinitrobenzoate_Prepared_in_Ionic_Liquid_for_the_Removal_Of_Creatinine,gemma,Adsorption_Kinetics_and_Thermodynamics_of_Cellulose_Dinitrobenzoate_Prepared_in_Ionic_Liquid_for_the_Removal_Of_Creatinine,9
(best model),*C(C(C(C(C(CO)O)O)O)O)*,[Cr+3],deepseek,Adsorption_of_CrIII_from_an_Aqueous_Solution_by_Chitosan_Beads_Modified_with_Sodium_Dodecyl_Sulfate_SDS,kimi,Adsorption_of_CrIII_from_an_Aqueous_Solution_by_Chitosan_Beads_Modified_with_Sodium_Dodecyl_Sulfate_SDS,1
(best model),*C(C(C(C(C(CO)O)O)O)O)*,[Cr+3],deepseek,Adsorption_of_CrIII_from_an_Aqueous_Solution_by_Chitosan_Beads_Modified_with_Sodium_Dodecyl_Sulfate_SDS,gemma,Adsorption_of_CrIII_from_an_Aqueous_Solution_by_Chitosan_Beads_Modified_with_Sodium_Dodecyl_Sulfate_SDS,6
(best model),*C(C(C(C(C(CO)O)O)O)O)*,CN(C)c1ccc(cc1)N=Nc2ccc(cc2)S(=O)(=O)[O-],deepseek,Adsorption_of_Methyl_Orange_onto_Chitosan_from_Aqueous_Solution,deepseek,Synthesis_of_quaternized_magnetic_chitosan_and_adsorption_performance_for_methyl_orange_from_aqueous_solution,2
(best model),*C1=CC=C(N)C=C1*,C1=CC(=CC=C1N=NC2C(=NN(C2=O)C3=CC=C(C=C3)S(=O)(=O)[O-])C(=O)[O-])S(=O)(=O)[O-].[Na+].[Na+].[Na+],deepseek,Aqueous_Phase_Removal_of_Tartrazine,kimi,Aqueous_Phase_Removal_of_Tartrazine,1
(best model),*C(C(C(C(C(CO)O)O)O)O)*,CCN(CC)c1ccc2c(c1)c(c3ccccc3o2)c4ccc(cc4)C(=O)O,deepseek,Bacterial_Cellulose_Aerogels_Derived_from_Pineapple_Peel_Waste_for_the_Adsorption_of_Dyes,gemma,Bacterial_Cellulose_Aerogels_Derived_from_Pineapple_Peel_Waste_for_the_Adsorption_of_Dyes,1
(best model),*C(C(C(C(C(CO)O)O)O)O)*,CN(C)c1ccc(cc1)C(=C2C=CC(=[N+](C)C)C=C2)c3ccc(cc3)N(C)C,deepseek,Bacterial_Cellulose_Aerogels_Derived_from_Pineapple_Peel_Waste_for_the_Adsorption_of_Dyes,gemma,Bacterial_Cellulose_Aerogels_Derived_from_Pineapple_Peel_Waste_for_the_Adsorption_of_Dyes,1
(best model),*C(C(C(C(C(CO)O)O)O)O)*,CN(C)c1ccc(cc1)C(=C2C=CC(=[N+](C)C)C=C2)c3ccccc3,deepseek,Bacterial_Cellulose_Aerogels_Derived_from_Pineapple_Peel_Waste_for_the_Adsorption_of_Dyes,deepseek,SYNTHESIS_CHARACTERIZATION_AND_POTENTIAL_APPLICATION_OF_BIOCOMPOSITE_MATERIAL_BASED_ON_SAWDUST_BIOMASS_FOR_REMOVAL_OF_PERSISTENT_ORGANIC_POLLUTANTS_FROM_AQUEOUS_SOLUTIONS,1
(best model),*C(C(C(C(C(CO)O)O)O)O)*,CN(C)c1ccc(cc1)C(=C2C=CC(=[N+](C)C)C=C2)c3ccccc3,deepseek,Bacterial_Cellulose_Aerogels_Derived_from_Pineapple_Peel_Waste_for_the_Adsorption_of_Dyes,gemma,Bacterial_Cellulose_Aerogels_Derived_from_Pineapple_Peel_Waste_for_the_Adsorption_of_Dyes,1
(best model),*C(C(C(C(C(CO)O)O)O)O)*,C1=CC=C2C(=C1)C(=CC(=C2N)N=NC3=CC=C(C=C3)C4=CC=C(C=C4)N=NC5=C(C6=CC=CC=C6C(=C5)S(=O)(=O)[O-])N)S(=O)(=O)[O-].[Na+].[Na+],deepseek,Removal_of_Congo_Red_From_Water_By_Adsorption_Onto_Chitosan-BN-Fe2O3_Kinetic_and_Isotherm_Studies,deepseek,Bacterial_Cellulose_Aerogels_Derived_from_Pineapple_Peel_Waste_for_the_Adsorption_of_Dyes,1
(best model),*C(C(C(C(C(CO)O)O)O)O)*,C1=CC=C2C(=C1)C(=CC(=C2N)N=NC3=CC=C(C=C3)C4=CC=C(C=C4)N=NC5=C(C6=CC=CC=C6C(=C5)S(=O)(=O)[O-])N)S(=O)(=O)[O-].[Na+].[Na+],deepseek,Removal_of_Congo_Red_From_Water_By_Adsorption_Onto_Chitosan-BN-Fe2O3_Kinetic_and_Isotherm_Studies,deepseek,Chitosan_impregnated_sugarcane_bagasse_biochar_for_removal_of_anionic_dyes_from_wastewater,1
(best model),*C(C(C(C(C(CO)O)O)O)O)*,C1=CC=C2C(=C1)C(=CC(=C2N)N=NC3=CC=C(C=C3)C4=CC=C(C=C4)N=NC5=C(C6=CC=CC=C6C(=C5)S(=O)(=O)[O-])N)S(=O)(=O)[O-].[Na+].[Na+],deepseek,Removal_of_Congo_Red_From_Water_By_Adsorption_Onto_Chitosan-BN-Fe2O3_Kinetic_and_Isotherm_Studies,gemma,Bacterial_Cellulose_Aerogels_Derived_from_Pineapple_Peel_Waste_for_the_Adsorption_of_Dyes,1
(best model),*C(C(C(C(CO)O)O)O)*,C[C@@]1([C@H]2C[C@H]3[C@@H](C(=O)C(=C([C@]3(C(=O)C2=C(C4=C1C=CC=C4O)O)O)O)C(=O)N)N(C)C)O,deepseek,Bacterial_nanocellulose-based_hydrogel_from_Bacillus_subtilis_W7_for_a_sustainable_adsorption_of_tetracycline_from_wastewater,kimi,Bacterial_nanocellulose-based_hydrogel_from_Bacillus_subtilis_W7_for_a_sustainable_adsorption_of_tetracycline_from_wastewater,4
(best model),*C(C(C(C(C(CO)O)O)O)O)*,C[C@@]1([C@H]2C[C@H]3[C@@H](C(=O)C(=C([C@]3(C(=O)C2=C(C4=C1C=CC=C4O)O)O)O)C(=O)N)N(C)C)O,deepseek,Biotechnological_adsorbents_for_removal_of_drugs_from_water_use_of_microorganisms_biopolymers_and_composite_materials,kimi,Biotechnological_adsorbents_for_removal_of_drugs_from_water_use_of_microorganisms_biopolymers_and_composite_materials,1
(best model),*C(C(C(C(C(CO)O)O)O)O)*,C1=CC=C(C(=C1)CC(=O)[O-])NC2=C(C=CC=C2Cl)Cl.[Na+],deepseek,Biotechnological_adsorbents_for_removal_of_drugs_from_water_use_of_microorganisms_biopolymers_and_composite_materials,kimi,Biotechnological_adsorbents_for_removal_of_drugs_from_water_use_of_microorganisms_biopolymers_and_composite_materials,1
(best model),*C(C(C(C(C(CO)O)O)O)O)*,C[C@H]1COC2=C3N1C=C(C(=O)C3=CC(=C2N4CCN(CC4)C)F)C(=O)O,deepseek,Carbon_Dots_Derived_from_Waste_Fish_Scale_for_Enhanced_Removal_of_Levofloxacin_Drug_Parametric_Optimization_Isotherm_and_Kinetic_Studies,gemma,Carbon_Dots_Derived_from_Waste_Fish_Scale_for_Enhanced_Removal_of_Levofloxacin_Drug_Parametric_Optimization_Isotherm_and_Kinetic_Studies,1
(best model),*C(C(C(C(CO)O)O)O)*,CN(C)c1ccc2c(c1)sc3cc(ccc3n2)N(C)C,deepseek,Cellulose_citrate_a_convenient_and_reusable_bio-adsorbent_for_effective_removal_of_methylene_blue_dye_from_artificially_contaminated_water,deepseek,Electrospun_nanofibers_of_cellulose_acetatemetal_organic_framework-third_generation_PAMAM_dendrimer_for_the_removal_of_methylene_blue_from_aqueous_media,1
(best model),*C(C(C(C(CO)O)O)O)*,CN(C)c1ccc2c(c1)sc3cc(ccc3n2)N(C)C,deepseek,Cellulose_citrate_a_convenient_and_reusable_bio-adsorbent_for_effective_removal_of_methylene_blue_dye_from_artificially_contaminated_water,deepseek,Optimization_of_Methylene_Blue_Dye_Adsorption_onto_Coconut_Husk_Cellulose_Using_Response_Surface_Methodology_Adsorption_Kinetics_Isotherms_and_Reusability_Studies,1
(best model),*C(C(C(C(CO)O)O)O)*,CN(C)c1ccc2c(c1)sc3cc(ccc3n2)N(C)C,deepseek,Cellulose_citrate_a_convenient_and_reusable_bio-adsorbent_for_effective_removal_of_methylene_blue_dye_from_artificially_contaminated_water,kimi,Bacterial_Cellulose_Aerogels_Derived_from_Pineapple_Peel_Waste_for_the_Adsorption_of_Dyes,8
(best model),*C(C(C(C(CO)O)O)O)*,CN(C)c1ccc2c(c1)sc3cc(ccc3n2)N(C)C,deepseek,Cellulose_citrate_a_convenient_and_reusable_bio-adsorbent_for_effective_removal_of_methylene_blue_dye_from_artificially_contaminated_water,kimi,Cellulose_citrate_a_convenient_and_reusable_bio-adsorbent_for_effective_removal_of_methylene_blue_dye_from_artificially_contaminated_water,3
(best model),*C(C(C(C(CO)O)O)O)*,CN(C)c1ccc2c(c1)sc3cc(ccc3n2)N(C)C,deepseek,Cellulose_citrate_a_convenient_and_reusable_bio-adsorbent_for_effective_removal_of_methylene_blue_dye_from_artificially_contaminated_water,kimi,Optimization_of_Methylene_Blue_Dye_Adsorption_onto_Coconut_Husk_Cellulose_Using_Response_Surface_Methodology_Adsorption_Kinetics_Isotherms_and_Reusability_Studies,1
(best model),*CCO*,[Ni],deepseek,Comparative_Adsorptive_Removal_of_Selected_Heavy_Metals_from_Battery_Wastewater_by_Purified_and_Polyethylene_Glycol_Modified_Carbon_Nanotubes,kimi,Comparative_Adsorptive_Removal_of_Selected_Heavy_Metals_from_Battery_Wastewater_by_Purified_and_Polyethylene_Glycol_Modified_Carbon_Nanotubes,1
(best model),*CCO*,[Fe],deepseek,Comparative_Adsorptive_Removal_of_Selected_Heavy_Metals_from_Battery_Wastewater_by_Purified_and_Polyethylene_Glycol_Modified_Carbon_Nanotubes,kimi,Comparative_Adsorptive_Removal_of_Selected_Heavy_Metals_from_Battery_Wastewater_by_Purified_and_Polyethylene_Glycol_Modified_Carbon_Nanotubes,1
(best model),*CCO*,[Cu],deepseek,Comparative_Adsorptive_Removal_of_Selected_Heavy_Metals_from_Battery_Wastewater_by_Purified_and_Polyethylene_Glycol_Modified_Carbon_Nanotubes,kimi,Comparative_Adsorptive_Removal_of_Selected_Heavy_Metals_from_Battery_Wastewater_by_Purified_and_Polyethylene_Glycol_Modified_Carbon_Nanotubes,1
(best model),*CCO*,[Pb],deepseek,Comparative_Adsorptive_Removal_of_Selected_Heavy_Metals_from_Battery_Wastewater_by_Purified_and_Polyethylene_Glycol_Modified_Carbon_Nanotubes,kimi,Comparative_Adsorptive_Removal_of_Selected_Heavy_Metals_from_Battery_Wastewater_by_Purified_and_Polyethylene_Glycol_Modified_Carbon_Nanotubes,1
(best model),*CCO*,[Cd],deepseek,Comparative_Adsorptive_Removal_of_Selected_Heavy_Metals_from_Battery_Wastewater_by_Purified_and_Polyethylene_Glycol_Modified_Carbon_Nanotubes,kimi,Comparative_Adsorptive_Removal_of_Selected_Heavy_Metals_from_Battery_Wastewater_by_Purified_and_Polyethylene_Glycol_Modified_Carbon_Nanotubes,1
(best model),*C(C(C(C(=O)[O-])O)O)*,[Cd+2],deepseek,Enhanced_cadmium_II_adsorption_via_calcium_alginate_encapsulation_of_HPMBP_in_heavy_metal_remediation,kimi,Enhanced_cadmium_II_adsorption_via_calcium_alginate_encapsulation_of_HPMBP_in_heavy_metal_remediation,6
(best model),*c1cc[nH]c1*,CC1=NC=C(N1CCO)[N+](=O)[O-],deepseek,Experimental_and_DFT_studies_of_the_removal_of_pharmaceutical_metronidazole_from_water_using_polypyrrole,kimi,Experimental_and_DFT_studies_of_the_removal_of_pharmaceutical_metronidazole_from_water_using_polypyrrole,1
(best model),*c1cc[nH]c1*,CC1=NC=C(N1CCO)[N+](=O)[O-],deepseek,Experimental_and_DFT_studies_of_the_removal_of_pharmaceutical_metronidazole_from_water_using_polypyrrole,gemma,Experimental_and_DFT_studies_of_the_removal_of_pharmaceutical_metronidazole_from_water_using_polypyrrole,6
(best model),*CCc1ccc(CC*)cc1,CC[N+](CC)(CC)c1ccc(cc1)C(=C2C=CC(=[N+](CC)CC)C=C2)c3ccccc3,deepseek,Experimental_and_theoretical_investigations_of_divinylbenzene-based_polymer_as_an_efficient_adsorbent_for_brilliant_green_dye_removal,kimi,Experimental_and_theoretical_investigations_of_divinylbenzene-based_polymer_as_an_efficient_adsorbent_for_brilliant_green_dye_removal,6
(best model),*C(C(C(C(=O)[O-])O)O)*,C1=CC=C2C(=C1)C(=CC(=C2N)N=NC3=CC=C(C=C3)C4=CC=C(C=C4)N=NC5=C(C6=CC=CC=C6C(=C5)S(=O)(=O)[O-])N)S(=O)(=O)[O-].[Na+].[Na+],deepseek,Exploring_strategies_for_adsorption_of_azo_dye_Congo_Red_using_free_and_immobilized_biomasses_of_Trametes_pubescens,kimi,Exploring_strategies_for_adsorption_of_azo_dye_Congo_Red_using_free_and_immobilized_biomasses_of_Trametes_pubescens,29
(best model),*CC(O)*,CN(C)c1ccc2c(c1)sc3cc(ccc3n2)N(C)C,deepseek,Fabrication_of_a_PVA-encapsulated_MCCSVO2_composite_via_melt_intercalation_for_efficient_fixed-bed_adsorption_of_methylene_blue,gemma,Developing_a_new_sustainable_eco-adsorbent_film_from_flexographic_printing_plate_waste_to_remove_cationic_organic_and_inorganic_pollutants,2
(best model),*C1=CC=C(N)C=C1*,[Pb+2],deepseek,Green_synthesis_and_characterization_of_CuOPANI_nanocomposite_for_efficient_Pb_II_adsorption_from_contaminated_water,kimi,Green_synthesis_and_characterization_of_CuOPANI_nanocomposite_for_efficient_Pb_II_adsorption_from_contaminated_water,5
(best model),*C1=CC=C(N)C=C1*,CN(C)c1ccc(cc1)N=Nc2ccc(cc2)S(=O)(=O)[O-],deepseek,High_Removal_Efficiency_of_Methyl_Orange_Dye_by_Pure_and_Cu_N_Doped_TiO2Polyaniline_Nanocomposites,kimi,High_Removal_Efficiency_of_Methyl_Orange_Dye_by_Pure_and_Cu_N_Doped_TiO2Polyaniline_Nanocomposites,4
(best model),*C1=CC=C(N)C=C1*,CN(C)c1ccc(cc1)N=Nc2ccc(cc2)S(=O)(=O)[O-],deepseek,High_Removal_Efficiency_of_Methyl_Orange_Dye_by_Pure_and_Cu_N_Doped_TiO2Polyaniline_Nanocomposites,gemma,High_Removal_Efficiency_of_Methyl_Orange_Dye_by_Pure_and_Cu_N_Doped_TiO2Polyaniline_Nanocomposites,3
(best model),*CC(O)*,C1=CC=C2C(=C1)C(=CC(=C2N)N=NC3=CC=C(C=C3)C4=CC=C(C=C4)N=NC5=C(C6=CC=CC=C6C(=C5)S(=O)(=O)[O-])N)S(=O)(=O)[O-].[Na+].[Na+],deepseek,Modification_of_SiO2_from_Rice_Husk_with_Polyvinyl_Alcohol_PVA_as_Adsorbent_of_Congo_Red_Dye,kimi,Modification_of_SiO2_from_Rice_Husk_with_Polyvinyl_Alcohol_PVA_as_Adsorbent_of_Congo_Red_Dye,1
(best model),*C(C(C(C(C(CO)O)O)O)O)*,[Ag+],deepseek,Modified_chitosan_as_a_potential_bioresin_for_AgI_recovery,kimi,Modified_chitosan_as_a_potential_bioresin_for_AgI_recovery,3
(best model),*CCN*,[Cr+6],deepseek,Polyethyleneimine-Modified_Garden_WasteBiochar_Preparation_and_Its_Applicationfor_Aqueous_CrⅥ_Adsorption,kimi,Polyethyleneimine-Modified_Garden_WasteBiochar_Preparation_and_Its_Applicationfor_Aqueous_CrⅥ_Adsorption,5
(best model),*C(C(C(C(CO)O)O)O)*,CCN(CC)c1ccc2c(c1)c(c3ccccc3o2)c4ccc(cc4)C(=O)O,deepseek,Recent_advances_on_the_removal_of_dyes_from_wastewater_using_various_adsorbents_a_critical_review,kimi,Bacterial_Cellulose_Aerogels_Derived_from_Pineapple_Peel_Waste_for_the_Adsorption_of_Dyes,1
(best model),*C(C(C(C(=O)[O-])O)O)*,[Cr+6],deepseek,Removal_of_hexavalent_chromium_from_aqueous_solutions_using_nano-Fe3O4waste_banana_peelalginate_hydrogel_biobeads_as_adsorbent,gemma,Comparison_Study_of_ANFIS_ANN_and_RSM_and_Mechanistic_Modeling_for_ChromiumVI_Removal_Using_Modified_Cellulose_NanocrystalsSodium_Alginate_CNCAlg,1
(best model),*CCOC(=O)c1ccc(cc1)C(=O)*,CC[N+](CC)(CC)c1ccc(cc1)C(=C2C=CC(=[N+](CC)CC)C=C2)c3ccccc3,deepseek,Repurposing_waste_plastic_into_a_sustainable_adsorbent_for_removing_synthetic_dye_experimental_optimization_and_theoretical_modeling,kimi,Repurposing_waste_plastic_into_a_sustainable_adsorbent_for_removing_synthetic_dye_experimental_optimization_and_theoretical_modeling,2
(best model),*Nc1cc(C(=O)*)ccc1,[Pt],deepseek,Sorption_of_PtIV_ions_on_polym-aminobenzoic_acid_chelating_polymer_Equilibrium_kinetic_and_thermodynamic_studies,kimi,Sorption_of_PtIV_ions_on_polym-aminobenzoic_acid_chelating_polymer_Equilibrium_kinetic_and_thermodynamic_studies,5
(best model),*C(C(C(C(C(CO)O)O)O)O)*,C1=CC=C2C(=C1)C(=CC=C2N=NC3=CC4=C(C=CC=C4S(=O)(=O)[O-])C(=C3)S(=O)(=O)[O-])N=NC5=C6C=CC(=CC6=C(C=C5)N=NC7=C(C=C8C=C(C=CC8=C7O)N)S(=O)(=O)[O-])S(=O)(=O)[O-].[Na+].[Na+].[Na+].[Na+],deepseek,Study_of_a_fixed-bed_column_in_the_adsorption_of_an_azo_dye_from_an_aqueous_medium_using_a_chitosanglutaraldehyde_biosorbent,kimi,Study_of_a_fixed-bed_column_in_the_adsorption_of_an_azo_dye_from_an_aqueous_medium_using_a_chitosanglutaraldehyde_biosorbent,7
(best model),*C(C(C(C(C(CO)O)O)O)O)*,C1=CC=C2C(=C1)C(=CC=C2N=NC3=CC4=C(C=CC=C4S(=O)(=O)[O-])C(=C3)S(=O)(=O)[O-])N=NC5=C6C=CC(=CC6=C(C=C5)N=NC7=C(C=C8C=C(C=CC8=C7O)N)S(=O)(=O)[O-])S(=O)(=O)[O-].[Na+].[Na+].[Na+].[Na+],deepseek,Study_of_a_fixed-bed_column_in_the_adsorption_of_an_azo_dye_from_an_aqueous_medium_using_a_chitosanglutaraldehyde_biosorbent,gemma,Study_of_a_fixed-bed_column_in_the_adsorption_of_an_azo_dye_from_an_aqueous_medium_using_a_chitosanglutaraldehyde_biosorbent,5
(best model),*CCOC(=O)c1ccc(cc1)C(=O)*,[Pb+2],deepseek,Sulfur_modification_of_PET_fibers_and_lead_ion_sorption_from_wastewaters_kinetics_and_isotherms_studies,gemma,Sulfur_modification_of_PET_fibers_and_lead_ion_sorption_from_wastewaters_kinetics_and_isotherms_studies,1
(best model),*C1=CC=C(N)C=C1*,[Cr+6],deepseek,Synthesis_characterization_and_adsorption_performance_of_novel_acidic_calixarene-modified_LDHpolyaniline_nanohybrid_for_efficient_CrVI_removal,kimi,Synthesis_characterization_and_adsorption_performance_of_novel_acidic_calixarene-modified_LDHpolyaniline_nanohybrid_for_efficient_CrVI_removal,1
(best model),*C1=CC=C(N)C=C1*,[Cr+6],deepseek,Synthesis_characterization_and_adsorption_performance_of_novel_acidic_calixarene-modified_LDHpolyaniline_nanohybrid_for_efficient_CrVI_removal,gemma,Tailored_magnetic_hybrid_composites_with_recoverable_properties_for_efficient_Cr_scpviscp_adsorption_and_reduction_a_synergistic_experimental_and_theoretical_study,1
(best model),*CCO*,[Pb+2],deepseek,Synthesis_of_Fe3O4SiO2PEG_Nanocomposite_from_Minerals_Sands_Kinetic_Adsorption_Heavy_Metal_Ion_from_Aqueous_Solution,kimi,Synthesis_of_Fe3O4SiO2PEG_Nanocomposite_from_Minerals_Sands_Kinetic_Adsorption_Heavy_Metal_Ion_from_Aqueous_Solution,1
(best model),*CCO*,[Cu+2],deepseek,Synthesis_of_Fe3O4SiO2PEG_Nanocomposite_from_Minerals_Sands_Kinetic_Adsorption_Heavy_Metal_Ion_from_Aqueous_Solution,kimi,Synthesis_of_Fe3O4SiO2PEG_Nanocomposite_from_Minerals_Sands_Kinetic_Adsorption_Heavy_Metal_Ion_from_Aqueous_Solution,2
(best model),*CC(O)*,C[C@@]1([C@H]2C[C@H]3[C@@H](C(=O)C(=C([C@]3(C(=O)C2=C(C4=C1C=CC=C4O)O)O)O)C(=O)N)N(C)C)O,deepseek,Tetracycline_Removal_from_Water_by_Adsorption_on_Geomaterial_Activated_Carbon_and_Clay_Adsorbents,kimi,Tetracycline_Removal_from_Water_by_Adsorption_on_Geomaterial_Activated_Carbon_and_Clay_Adsorbents,5
(best model),*c1cc[nH]c1*,[Hg+2],deepseek,The_removal_of_heavy_metal_ions_from_wastewateraqueous_solution_using_polypyrrole-based_adsorbents_a_review,kimi,The_removal_of_heavy_metal_ions_from_wastewateraqueous_solution_using_polypyrrole-based_adsorbents_a_review,1
pdcc_matched_deepseek_kimi_without_conflicts.csv,*C(C(C(C(CO)O)O)O)*,CN(C)c1ccc2c(c1)sc3cc(ccc3n2)N(C)C,self,Cellulose_citrate_a_convenient_and_reusable_bio-adsorbent_for_effective_removal_of_methylene_blue_dye_from_artificially_contaminated_water,self,Optimization_of_Methylene_Blue_Dye_Adsorption_onto_Coconut_Husk_Cellulose_Using_Response_Surface_Methodology_Adsorption_Kinetics_Isotherms_and_Reusability_Studies,1
